date,us_pop,alcohol_deaths,alcohol_sales,drug_deaths,homicides,perc_unemp,suicide_deaths,h1n1_deaths,covid_deaths
2000-01-31,280730000.0,0.6654080433156414,1.5114166636982154,0.6315676985003384,0.0,0.0,0.9233070922238448,0.0,0.0
2000-02-29,280940000.0,0.5841104862248166,1.7626539474620917,0.59016160034171,0.0,0.0,0.8322061650174414,0.0,0.0
2000-03-31,281160000.0,0.5783183952198037,2.136861573481292,0.6099729691278987,0.0,0.0,0.8962868117797694,0.0,0.0
2000-04-30,281420000.0,0.5529102409210432,1.902139151446237,0.627176462227276,0.0,0.0,0.8823111363797882,0.0,0.0
2000-05-31,281640000.0,0.5638403635847181,2.2848317000426075,0.6465700894759268,0.0,0.0,0.9309757136770344,0.0,0.0
2000-06-30,281890000.0,0.5463123913583313,2.367235446450743,0.5995246372698569,0.0,0.0,0.8673596083578701,0.0,0.0
2000-07-31,282160000.0,0.5642188829033172,1.9974482563084768,0.5787496455911539,0.0,0.0,0.8796427558831869,0.0,0.0
2000-08-31,282420000.0,0.5792790878832944,2.347567452729977,0.5782168401671269,0.0,0.0,0.9050350541746336,0.0,0.0
2000-09-30,282690000.0,0.5320315539990803,2.082493190420602,0.5376914641480066,0.0,0.0,0.8263468817432522,0.0,0.0
2000-10-31,282960000.0,0.6163415323720668,2.234238054848742,0.5053717839977382,0.0,0.0,0.8764489680520214,0.0,0.0
2000-11-30,283200000.0,0.5741525423728814,2.3022598870056497,0.5286016949152542,0.0,0.0,0.8026129943502824,0.0,0.0
2000-12-31,283440000.0,0.6075359864521592,2.356054191363252,0.5592012418854079,0.0,0.0,0.7842929720575783,0.0,0.0
2001-01-31,283650000.0,0.6490393090075798,1.7916446324695927,0.6046183677066808,0.0,0.0,0.8848933544861626,0.0,0.0
2001-02-28,283840000.0,0.5837795941375422,1.837655016910936,0.5418545659526494,0.0,0.0,0.8201803833145433,0.0,0.0
2001-03-31,284050000.0,0.5854603062841048,2.074634747403626,0.6164407674705158,0.0,0.0,0.8963210702341138,0.0,0.0
2001-04-30,284270000.0,0.5878214373658845,2.073380940655011,0.6532521898195378,0.0,0.0,0.9142716431561544,0.0,0.0
2001-05-31,284490000.0,0.5768216809026679,2.3898906815705296,0.657316601638019,0.0,0.0,0.9655875426201272,0.0,0.0
2001-06-30,284730000.0,0.552101991360236,2.3415165244266496,0.6507919783654691,0.0,0.0,0.899097390510308,0.0,0.0
2001-07-31,284970000.0,0.5639190090184931,2.236726672983121,0.7263922518159807,0.0,0.0,0.9636102045829388,0.0,0.0
2001-08-31,285220000.0,0.5655283640698409,2.398148797419536,0.6917467218287637,0.0,0.0,0.9375219129093332,0.0,0.0
2001-09-30,285490000.0,0.5958177169077726,1.952782934603664,0.6157833899611195,0.0,0.0,0.8431118427965953,0.0,0.0
2001-10-31,285690000.0,0.6101018586579859,2.290944730302076,0.629353495047079,0.0,0.0,0.9062270292974902,0.0,0.0
2001-11-30,285920000.0,0.559247341913822,2.374440402909905,0.6085618354784555,0.0,0.0,0.878917179630666,0.0,0.0
2001-12-31,286140000.0,0.6311595722373663,2.509261200810792,0.6227720696162717,0.0,0.0,0.8397986999370937,0.0,0.0
2002-01-31,286340000.0,0.6268771390654466,1.7870363903052315,0.7648250331773416,0.0,0.0,0.9638890829084305,0.0,0.0
2002-02-28,286540000.0,0.5482655126683883,1.8992112794025269,0.6965868639631465,0.0,0.0,0.843861241013471,0.0,0.0
2002-03-31,286720000.0,0.60791015625,2.210170200892857,0.7882254464285714,0.0,0.0,0.91064453125,0.0,0.0
2002-04-30,286930000.0,0.5788868365106472,2.274073815913289,0.7730108388805632,0.0,0.0,0.9598159829923676,0.0,0.0
2002-05-31,287150000.0,0.5770503221312903,2.5129723141215394,0.7936618492077311,0.0,5.8,0.9663938707992338,0.0,0.0
2002-06-30,287390000.0,0.5706531194543999,2.3525522808726818,0.7456766067016946,0.0,5.8,0.9005184592365774,0.0,0.0
2002-07-31,287630000.0,0.5979904738726837,2.4190800681431006,0.7874700135590863,0.0,5.8,0.9779925598859646,0.0,0.0
2002-08-31,287870000.0,0.5863757946295203,2.4559697085489978,0.7579810331052211,0.0,5.7,0.9695348594851844,0.0,0.0
2002-09-30,288130000.0,0.568493388401069,2.1337590670877726,0.6951723180508798,0.0,5.7,0.9190296046923264,0.0,0.0
2002-10-31,288380000.0,0.5742423191622166,2.4009986822941958,0.7441570150495874,0.0,5.7,0.8977737707191898,0.0,0.0
2002-11-30,288610000.0,0.5779425522331174,2.3270156959218324,0.7740549530508299,0.0,5.9,0.8596375731956619,0.0,0.0
2002-12-31,288800000.0,0.6166897506925207,2.761426592797784,0.7354570637119114,0.0,6.0,0.8403739612188366,0.0,0.0
2003-01-31,289000000.0,0.6515570934256055,1.842906574394464,0.8332179930795848,0.0,5.8,0.9314878892733564,0.0,0.0
2003-02-28,289130000.0,0.5485421782589147,1.9399578044478265,0.8006778957562342,0.0,5.9,0.7961816483934562,0.0,0.0
2003-03-31,289260000.0,0.6011892415128258,2.2173822858328145,0.8521745142778123,0.0,5.9,0.9586531148447764,0.0,0.0
2003-04-30,289400000.0,0.5691085003455425,2.32930200414651,0.8026952315134762,0.0,6.0,0.911195577055978,0.0,0.0
2003-05-31,289550000.0,0.5708858573648765,2.467276808841305,0.8803315489552754,0.0,6.1,0.961837333793818,0.0,0.0
2003-06-30,289820000.0,0.5541370505831206,2.4611828031191774,0.8391415361258712,0.0,6.3,0.9671520253950728,0.0,0.0
2003-07-31,290110000.0,0.5787459928992451,2.608665678535728,0.8810451208162422,0.0,6.2,0.953776153872669,0.0,0.0
2003-08-31,290390000.0,0.5881745239161128,2.5021522779710046,0.8292296566686181,0.0,6.1,0.9273735321464238,0.0,0.0
2003-09-30,290660000.0,0.5838436661391316,2.282391797977018,0.7713479666964838,0.0,6.1,0.880410101149109,0.0,0.0
2003-10-31,290920000.0,0.6242265915028187,2.6213391997800084,0.8101883679362024,0.0,6.0,0.8813419496768872,0.0,0.0
2003-11-30,291160000.0,0.5879928561615606,2.3502541557906307,0.7762055227366396,0.0,5.8,0.858290974034895,0.0,0.0
2003-12-31,291360000.0,0.6730505216913784,2.9310818231740803,0.8264689730917079,0.0,5.7,0.8271554091158704,0.0,0.0
2004-01-31,291550000.0,0.6623220716858172,1.9307151432001373,0.9137369233407648,0.0,5.7,0.9000171497170296,0.0,0.0
2004-02-29,291720000.0,0.5683532154120389,2.021801727684081,0.8676127793774853,0.0,5.6,0.8600713012477718,0.0,0.0
2004-03-31,291890000.0,0.6269485079995889,2.41358045839186,0.8958854362944945,0.0,5.8,0.9746822433108364,0.0,0.0
2004-04-30,292110000.0,0.5871075964533908,2.428537194892335,0.8291397076443805,0.0,5.6,0.9304713977611172,0.0,0.0
2004-05-31,292350000.0,0.5804686163844707,2.508294852060886,0.9064477509834102,0.0,5.6,0.947836497349068,0.0,0.0
2004-06-30,292570000.0,0.5841337115903886,2.70636087090269,0.8787640564651196,0.0,5.6,0.9303756365997882,0.0,0.0
2004-07-31,292810000.0,0.5986817390116458,2.489327550288583,0.9251733205833136,0.0,5.5,0.9941600355179124,0.0,0.0
2004-08-31,293060000.0,0.5933938442639732,2.52371528014741,0.8848017470825087,0.0,5.4,0.9359858049546168,0.0,0.0
2004-09-30,293310000.0,0.5857284102144489,2.474855954450922,0.8523405270873818,0.0,5.4,0.9256418124168968,0.0,0.0
2004-10-31,293570000.0,0.6097353271792076,2.4757298089041795,0.8573764349218244,0.0,5.5,0.944238171475287,0.0,0.0
2004-11-30,293800000.0,0.5786249149081008,2.6313818924438395,0.8175629680054458,0.0,5.4,0.8992511912865896,0.0,0.0
2004-12-31,294020000.0,0.6261478810965241,3.080742806611795,0.862866471668594,0.0,5.4,0.8390585674443916,0.0,0.0
2005-01-31,294230000.0,0.6668252727458112,1.888658532440608,0.9655711518200047,0.0,5.3,0.9186690684158652,0.0,0.0
2005-02-28,294380000.0,0.5873360962021876,2.1186901284054627,0.9032542971669272,0.0,5.4,0.8336164141585706,0.0,0.0
2005-03-31,294560000.0,0.6389190657251493,2.62187669744704,0.9933460076045628,0.0,5.2,0.9593970668115156,0.0,0.0
2005-04-30,294780000.0,0.5787366849854129,2.463532125653029,0.9529140375873532,0.0,5.2,0.9512178573851686,0.0,0.0
2005-05-31,295030000.0,0.6063790123038335,2.7932752601430364,0.9622750228790292,0.0,5.1,0.98159509202454,0.0,0.0
2005-06-30,295260000.0,0.5730542572647835,2.9658605974395447,0.9076745918851182,0.0,5.0,0.93578540946962,0.0,0.0
2005-07-31,295520000.0,0.5972523010286952,2.487818083378452,0.97184623714131,0.0,5.0,0.9586491608012996,0.0,0.0
2005-08-31,295770000.0,0.5849139534097441,2.87250228217872,0.9084761808161748,0.0,4.9,0.9304527166379282,0.0,0.0
2005-09-30,296040000.0,0.5840426969328469,2.614849344683151,0.9177813808944738,0.0,5.0,0.9356843669774356,0.0,0.0
2005-10-31,296310000.0,0.6148965610340522,2.6020046572846005,0.9550808275117276,0.0,5.0,0.9172825756808748,0.0,0.0
2005-11-30,296510000.0,0.6202151698087753,2.781356446662844,0.9372365181612762,0.0,5.0,0.8674243701730127,0.0,0.0
2005-12-31,296760000.0,0.6702385766275778,2.9997304218897427,0.9778945949588892,0.0,4.9,0.8579323358943255,0.0,0.0
2006-01-31,296990000.0,0.679484157715748,2.042493013232769,1.0138388497929225,0.5235866527492509,4.7,0.919222869456884,0.0,0.0
2006-02-28,297220000.0,0.5823968777336652,2.217212838974497,0.9746988762532804,0.4114797119978467,4.8,0.8155574994953234,0.0,0.0
2006-03-31,297420000.0,0.6327752000537961,2.663909622755699,1.0671777284647972,0.4559209199112366,4.7,0.9289893080492232,0.0,0.0
2006-04-30,297650000.0,0.6101125482949774,2.464303712413909,1.083151352259365,0.5126826810011759,4.7,0.9554846295985218,0.0,0.0
2006-05-31,297870000.0,0.6294692315439622,2.9687447544230703,1.1223016752274482,0.5381542283546513,4.6,0.991036358142814,0.0,0.0
2006-06-30,298120000.0,0.5819804105729237,3.128605930497786,1.0982154836978395,0.5390446799946331,4.6,0.9643767610358246,0.0,0.0
2006-07-31,298380000.0,0.6317447550103894,2.611435082780347,1.1595951471278236,0.6022521616730344,4.7,1.0000670286212212,0.0,0.0
2006-08-31,298630000.0,0.5990690821417808,3.066001406422663,1.107390416234136,0.5314268492783711,4.7,0.9409637343870342,0.0,0.0
2006-09-30,298910000.0,0.584791408785253,2.688769194740892,1.0504834231039444,0.5329363353517782,4.5,0.9113110969857148,0.0,0.0
2006-10-31,299160000.0,0.6033560636448724,2.888086642599278,1.078352720951999,0.534830859740607,4.4,0.9580157775103624,0.0,0.0
2006-11-30,299400000.0,0.6068804275217101,3.0487641950567803,1.0551102204408818,0.5103540414161657,4.5,0.9008016032064128,0.0,0.0
2006-12-31,299660000.0,0.6580791563772275,3.1852766468664484,1.0615364079289862,0.5332710405125809,4.4,0.8779950610692118,0.0,0.0
2007-01-31,299890000.0,0.6992563940111375,2.20981026376338,1.0800626896528729,0.5061856013871753,4.6,0.9473473606989228,0.0,0.0
2007-02-28,300100000.0,0.6064645118293902,2.246917694101966,1.020659780073309,0.4038653782072642,4.5,0.8240586471176276,0.0,0.0
2007-03-31,300290000.0,0.6327217023543907,2.729028605681175,1.1312398015251923,0.4985180991708016,4.4,0.9837157414499316,0.0,0.0
2007-04-30,300510000.0,0.6259359089547768,2.604904994842102,1.0731756014774885,0.4948254633789225,4.5,0.9290872183953944,0.0,0.0
2007-05-31,300730000.0,0.6284707212449705,3.182256509161041,1.0361453795763642,0.5067668672895953,4.4,1.027167226415722,0.0,0.0
2007-06-30,300970000.0,0.6246469747815397,3.1511446323553844,1.0552546765458353,0.5545403196331861,4.6,0.9685350699405256,0.0,0.0
2007-07-31,301230000.0,0.6264316303157056,2.857617103210172,1.0676227467383728,0.5842711549314478,4.7,1.0251302991069946,0.0,0.0
2007-08-31,301500000.0,0.6334991708126037,3.1651741293532334,1.0938640132669983,0.566832504145937,4.6,0.9943615257048092,0.0,0.0
2007-09-30,301770000.0,0.6210027504390762,2.691785134373861,1.033899990058654,0.5036948669516519,4.7,0.9778970739304768,0.0,0.0
2007-10-31,302030000.0,0.6333807899877496,3.1947157567129096,1.029367943581763,0.5059100089395093,4.7,0.9902989769228222,0.0,0.0
2007-11-30,302290000.0,0.6348208673790069,3.106288663204208,1.0159118727050185,0.4637930464123854,4.7,0.924278011181316,0.0,0.0
2007-12-31,302530000.0,0.7364558886721978,3.326942782533964,1.1043532872772948,0.5073876970878921,5.0,0.8964400224771097,0.0,0.0
2008-01-31,302750000.0,0.7134599504541701,2.342857142857143,1.0929810074318744,0.4624277456647399,5.0,1.0028075970272503,0.0,0.0
2008-02-29,302970000.0,0.6482490015513087,2.4698815064197777,1.115952074462818,0.4346965046044163,4.9,0.9192329273525432,0.0,0.0
2008-03-31,303190000.0,0.7078069857185263,2.7589960091032024,1.0970018800092352,0.4752795276889079,5.1,1.0039908967973876,0.0,0.0
2008-04-30,303380000.0,0.630891950688905,2.931966510646713,1.0729118597138902,0.4931109499637418,5.0,1.0079767947788252,0.0,0.0
2008-05-31,303620000.0,0.6412621039457217,3.22574270469666,1.1425466043080166,0.4838284697977735,5.4,1.042750806929715,0.0,0.0
2008-06-30,303850000.0,0.6249794306401185,3.2835280566068783,1.0222149086720422,0.5186769787724206,5.6,1.0189238110909988,0.0,0.0
2008-07-31,304090000.0,0.650794172777796,3.141504159952645,1.0164753855766384,0.5370120687954224,5.8,1.0286428360024993,0.0,0.0
2008-08-31,304360000.0,0.6610592719148377,3.080233933499803,1.045143908529373,0.5243790248390064,6.1,0.9935602575896963,0.0,0.0
2008-09-30,304610000.0,0.6424608515807098,3.028462624339319,1.0078460982896162,0.5157414398739372,6.1,1.0226190867010274,0.0,0.0
2008-10-31,304860000.0,0.6632552647116708,3.263137177720921,1.0250606835924687,0.4871088368431411,6.5,0.9876664698550156,0.0,0.0
2008-11-30,305090000.0,0.661116391884362,2.870628339178603,1.014126978924252,0.4749418204464256,6.8,0.9216952374709102,0.0,0.0
2008-12-31,305300000.0,0.7114313789715034,3.5502784146740907,1.061906321650835,0.4562725188339338,7.3,0.9040288241074352,0.0,0.0
2009-01-31,305520000.0,0.701427075150563,2.378240377062058,1.0748887143231212,0.4412149777428646,7.8,0.9740769835035348,0.0,0.0
2009-02-28,305710000.0,0.628373294952733,2.478819796539204,1.0081449739949626,0.3666873834679925,8.3,0.8897320990481176,0.0,0.0
2009-03-31,305920000.0,0.6795894351464435,2.839958158995816,1.1218619246861925,0.4452144351464435,8.7,0.995031380753138,0.0,0.0
2009-04-30,306110000.0,0.6409460651399824,2.993041717029826,1.0447224853810722,0.4642122112965927,9.0,0.9888602136486884,0.0143739178726601,0.0
2009-05-31,306320000.0,0.6656437712196396,3.058566205275529,1.110603290676417,0.4887046226168712,9.4,1.066205275528859,0.0329720553669365,0.0
2009-06-30,306540000.0,0.6283029947152085,3.3166960266196908,1.0236836954394206,0.4759574606902851,9.5,1.0615254126704508,0.0727474391596529,0.0
2009-07-31,306770000.0,0.6676011344003652,3.0990644456759138,1.0750725299084003,0.5248231574143496,9.5,1.0581217198552662,0.1685301691821234,0.0
2009-08-31,307010000.0,0.6621934138953129,2.906419986319664,1.0830266115110256,0.4924921012344875,9.6,1.0765121657275007,0.2635093319435849,0.0
2009-09-30,307270000.0,0.6157451101636997,3.0175415758128032,1.0511927620659356,0.4383766719822957,9.8,1.0625833957106128,0.8350961694926285,0.0
2009-10-31,307520000.0,0.6838579604578564,2.951027575442248,1.071475026014568,0.4516779396462019,10.0,1.016519250780437,1.9003642039542143,0.0
2009-11-30,307760000.0,0.6875487392773589,2.907785287236808,1.0303483233688588,0.448726280218352,9.9,0.9205224850532884,3.5872108136210032,0.0
2009-12-31,307950000.0,0.7325864588407209,3.521026140607242,1.069004708556584,0.4390323104400064,9.9,0.9245007306380906,3.7194349732099368,0.0
2010-01-31,308170000.0,0.7434208391472239,2.1280462082616736,1.1159424992698836,0.4254145439205633,9.8,0.994905409351981,3.836194308336308,0.0
2010-02-28,308380000.0,0.6277968739866399,2.425903106556845,1.0525974447110709,0.3401647318243725,9.8,0.9031065568454504,3.9311887930475375,0.0
2010-03-31,308570000.0,0.7038921476488317,3.07061606766698,1.1644035389052727,0.4206500956022944,9.9,1.0535696924522795,4.027287163366497,0.0
2010-04-30,308760000.0,0.6532581940665889,3.052208835341365,1.090814872392797,0.4466252105194973,9.9,1.048710972923954,4.038411711361575,0.0
2010-05-31,308940000.0,0.6561144558814009,3.026801320644785,1.1283744416391532,0.4686994238363436,9.6,1.1066873826633004,0.0,0.0
2010-06-30,309120000.0,0.6618788819875776,3.413561076604555,1.0542831262939958,0.4609860248447205,9.4,1.0630175983436854,0.0,0.0
2010-07-31,309320000.0,0.7080046553730764,2.934501487133066,1.088516746411483,0.4968964179490495,9.4,1.115349799560326,0.0,0.0
2010-08-31,309540000.0,0.6845641920268786,2.9957356076759063,1.07062092136719,0.4761904761904761,9.5,1.1135879046326806,0.0,0.0
2010-09-30,309760000.0,0.6637396694214877,3.041064049586777,1.043388429752066,0.4416322314049586,9.5,1.0178848140495866,0.0,0.0
2010-10-31,309990000.0,0.6838930288073809,3.036549566115036,1.084228523500758,0.4493693344946611,9.4,1.042936868931256,0.0,0.0
2010-11-30,310170000.0,0.7325015314182546,3.180836315568881,1.067479124351162,0.4213818228713286,9.8,0.9646322984169972,0.0,0.0
2010-12-31,310350000.0,0.788142419848558,3.690994038988239,1.1010149830836151,0.4092154019655228,9.3,0.9808280973094892,0.0,0.0
2011-01-31,310540000.0,0.7892703033425646,2.2222580021897342,1.18406646486765,0.4195916790107554,9.1,1.0159721774972628,0.0,0.0
2011-02-28,310690000.0,0.6923299752164537,2.5794200006437285,1.1577456628793976,0.3292671151308378,9.0,0.8941388522321285,0.0,0.0
2011-03-31,310830000.0,0.7451018241482482,3.163143840684618,1.2170639899623588,0.4018273654409162,9.0,1.0912717562654828,0.0,0.0
2011-04-30,311010000.0,0.6755409793897302,2.9841484196649626,1.1707019066911033,0.4395357062473876,9.1,1.108002958104241,0.0,0.0
2011-05-31,311180000.0,0.681277717076933,3.2029693425027315,1.201555369882383,0.471431325920689,9.0,1.1138247959380423,0.0,0.0
2011-06-30,311350000.0,0.6799421872490766,3.6434880359723785,1.1032599967881804,0.4393769070178256,9.1,1.077565440822226,0.0,0.0
2011-07-31,311560000.0,0.6875080241366028,2.922711516240853,1.1994479394017203,0.515149569906278,9.0,1.1468096032866864,0.0,0.0
2011-08-31,311760000.0,0.7156145753143444,3.3580318193482164,1.1608288426995126,0.4628560431100847,9.0,1.122016936104696,0.0,0.0
2011-09-30,312000000.0,0.7006410256410256,3.2323717948717947,1.125,0.4442307692307692,9.0,1.067948717948718,0.0,0.0
2011-10-31,312210000.0,0.7110598635533775,3.078697030844624,1.145382915345441,0.4436116716312738,8.8,1.05890266167003,0.0,0.0
2011-11-30,312400000.0,0.7243918053777209,3.306017925736236,1.147247119078105,0.41101152368758,8.6,1.0038412291933418,0.0,0.0
2011-12-31,312590000.0,0.7537029335551361,3.673502031414953,1.1663840813845614,0.4344348827537669,8.5,0.9856361367926038,0.0,0.0
2012-01-31,312790000.0,0.7567377473704402,2.393299018510822,1.2043223888231722,0.4252054093800952,8.3,1.0575785670897409,0.0,0.0
2012-02-29,312930000.0,0.7046304285303422,2.761320423097817,1.1635189978589462,0.352474994407695,8.3,0.9887195219378137,0.0,0.0
2012-03-31,313110000.0,0.7390373989971576,3.100827185334228,1.1989396697646195,0.438504040113698,8.2,1.0849222318035197,0.0,0.0
2012-04-30,313280000.0,0.7137385086823289,3.0078524004085803,1.114338610827375,0.4306052093973442,8.2,1.0929519918283963,0.0,0.0
2012-05-31,313450000.0,0.6980379645876535,3.618439942574573,1.1555271973201469,0.4475992981336736,8.2,1.1816876694847664,0.0,0.0
2012-06-30,313630000.0,0.7068839077894334,3.5946816312215035,1.195676434014603,0.4511685744348436,8.2,1.105761566176705,0.0,0.0
2012-07-31,313830000.0,0.7577350795016411,3.137048720644935,1.1872669916833956,0.5040945734952045,8.2,1.1585890450243763,0.0,0.0
2012-08-31,314050000.0,0.7365069256487821,3.554529533513772,1.2026747333227192,0.4773125298519344,8.1,1.128482725680624,0.0,0.0
2012-09-30,314280000.0,0.7152857324678631,3.0329642357133766,1.133384243349879,0.4613720249459081,7.8,1.0777014127529592,0.0,0.0
2012-10-31,314500000.0,0.7421303656597774,3.41939586645469,1.143402225755167,0.4470588235294118,7.8,1.0588235294117647,0.0,0.0
2012-11-30,314700000.0,0.7683508102955195,3.480457578646329,1.1048617731172543,0.4251668255481411,7.7,0.9968223705115984,0.0,0.0
2012-12-31,314870000.0,0.8079524883285165,3.7863245148791567,1.1611141105853209,0.4573315971670847,7.9,1.0070822879283514,0.0,0.0
2013-01-31,315040000.0,0.8636998476383952,2.660931945149822,1.270314880650076,0.4358176739461655,8.0,1.1201752158456069,0.0,0.0
2013-02-28,315160000.0,0.7412108135550197,2.8144434572915347,1.1838431273004189,0.3420484833100647,7.7,0.9569742353090496,0.0,0.0
2013-03-31,315300000.0,0.80209324452902,3.1985410719949257,1.3019346653980337,0.401522359657469,7.5,1.1341579448144623,0.0,0.0
2013-04-30,315460000.0,0.7262410448234324,3.3164268053001966,1.2258289482026248,0.4029036961896912,7.6,1.1177328345907562,0.0,0.0
2013-05-31,315610000.0,0.7442729951522449,3.858242767973132,1.227464275529926,0.4236240930262032,7.5,1.1210037704762206,0.0,0.0
2013-06-30,315810000.0,0.7267027643203192,3.591399892340331,1.2330198537095087,0.4711693739906906,7.5,1.101611728570976,0.0,0.0
2013-07-31,315990000.0,0.7522389949049021,3.5251115541631064,1.2383303269090793,0.4927371119339219,7.3,1.1519351878223996,0.0,0.0
2013-08-31,316200000.0,0.7558507273877293,3.608159392789374,1.239089184060721,0.4386464263124604,7.2,1.1321948134092346,0.0,0.0
2013-09-30,316430000.0,0.7003128654046709,3.299939955124356,1.1715071263786618,0.4092532313623866,7.2,1.090288531428752,0.0,0.0
2013-10-31,316660000.0,0.7642266152971642,3.625339480831176,1.183919661466557,0.4250615802437946,7.2,1.094865155055896,0.0,0.0
2013-11-30,316880000.0,0.7838929563241606,3.4956450391315324,1.1865690482201463,0.4156147437515778,6.9,1.0010098459984853,0.0,0.0
2013-12-31,317060000.0,0.8178262789377405,3.985050148236927,1.2461363779726236,0.4434491894278686,6.7,1.0017031476692109,0.0,0.0
2014-01-31,317240000.0,0.8908082209053082,2.6812507880469045,1.3456688942125834,0.3823603580885134,6.6,1.0465262892447358,0.0,0.0
2014-02-28,317410000.0,0.7362716990643017,2.8367096184745284,1.2898144355880403,0.3308024321855014,6.7,0.973819350367033,0.0,0.0
2014-03-31,317560000.0,0.7948104295251291,3.146177100390477,1.3660410631061846,0.3970903136415165,6.7,1.0731830205315531,0.0,0.0
2014-04-30,317730000.0,0.7912378434519876,3.4318446479715483,1.2428791741415668,0.4019135744185315,6.2,1.1349258804645457,0.0,0.0
2014-05-31,317910000.0,0.7756912333679342,3.683117863546287,1.2978515932182064,0.4397470982353496,6.3,1.1289358623509798,0.0,0.0
2014-06-30,318110000.0,0.7730030492596901,3.714124045141618,1.2602558863286286,0.4325547766495866,6.1,1.1165948885605608,0.0,0.0
2014-07-31,318300000.0,0.8074143889412503,3.416588124410933,1.2943763744894754,0.434181589695256,6.2,1.110273327049953,0.0,0.0
2014-08-31,318540000.0,0.7995856093426257,3.416839329440573,1.322910780435738,0.4605387078545865,6.1,1.2642054373077165,0.0,0.0
2014-09-30,318770000.0,0.781754870282649,3.364181070991624,1.2479216990306492,0.4100134893496879,5.9,1.26548922420554,0.0,0.0
2014-10-31,319010000.0,0.8256794457853985,3.6666562176734274,1.3281715306730195,0.4460675213943136,5.7,1.1883640011284913,0.0,0.0
2014-11-30,319220000.0,0.8091598270785039,3.2429045799135388,1.300670384061149,0.4094354990288829,5.8,1.090157258317148,0.0,0.0
2014-12-31,319410000.0,0.8672239441470211,4.117904887135657,1.3236905544597852,0.4417519802135186,5.6,1.0625841395072164,0.0,0.0
2015-01-31,319590000.0,0.9321317938608842,2.590193685659752,1.4402828624174724,0.4496385994555524,5.7,1.1320754716981132,0.0,0.0
2015-02-28,319730000.0,0.8075563756919902,2.791417758733932,1.3511400243955838,0.3515466174584806,5.5,1.0055359209332877,0.0,0.0
2015-03-31,319890000.0,0.8928069023726906,3.299884335240239,1.5120822782831598,0.4267091812810653,5.4,1.2301103504329614,0.0,0.0
2015-04-30,320060000.0,0.8426545022808223,3.415609573205024,1.406298818971443,0.4052365181528463,5.4,1.1641567206148848,0.0,0.0
2015-05-31,320240000.0,0.8565450911816137,3.537659255558331,1.4738945790657008,0.4780789407944042,5.6,1.238446165375968,0.0,0.0
2015-06-30,320430000.0,0.8335673938145617,3.96623287457479,1.385013887588553,0.4824766719720376,5.3,1.18122522859907,0.0,0.0
2015-07-31,320640000.0,0.8504865269461077,3.648952095808383,1.4798527944111777,0.5227045908183633,5.2,1.2300399201596808,0.0,0.0
2015-08-31,320860000.0,0.8280870161441127,3.4529078102599264,1.473539861621891,0.5142429720127158,5.1,1.219223337281057,0.0,0.0
2015-09-30,321080000.0,0.8184876043353682,3.7006353556745983,1.4831194717827332,0.501432664756447,5.0,1.1143640214276815,0.0,0.0
2015-10-31,321310000.0,0.8767234135258785,3.69300675360244,1.5004201549905076,0.4624817154772649,5.0,1.1478011888830102,0.0,0.0
2015-11-30,321500000.0,0.8818040435458786,3.552099533437014,1.3869362363919129,0.4674961119751166,5.1,1.0441679626749611,0.0,0.0
2015-12-31,321710000.0,0.9259892449721798,4.383761773025396,1.3891392869354386,0.4873954804016039,5.0,1.0783003325976812,0.0,0.0
2016-01-31,321860000.0,0.9836574908345244,2.6586093332504817,1.535450195737277,0.4657304418069968,4.8,1.1557820170260362,0.0,0.0
2016-02-29,322040000.0,0.8660414855297479,3.167618929325549,1.645758290895541,0.3931188672214631,4.9,1.0697428890821017,0.0,0.0
2016-03-31,322200000.0,0.9304779639975173,3.709186840471757,1.8004345127250156,0.4581005586592179,5.0,1.2169459962756053,0.0,0.0
2016-04-30,322370000.0,0.8719794025498651,3.4913298383844653,1.7219344231783356,0.4730589074665757,5.1,1.1824921673853026,0.0,0.0
2016-05-31,322550000.0,0.8959851185862657,3.7352348473104944,1.6893504882963883,0.5112385676639281,4.8,1.194543481630755,0.0,0.0
2016-06-30,322730000.0,0.8654293062312151,4.169429554116444,1.6741548662969046,0.5134322808539646,4.9,1.1545254547144672,0.0,0.0
2016-07-31,322940000.0,0.9137920356722612,3.33034000123862,1.828822691521645,0.5586176998823311,4.8,1.2488387935839476,0.0,0.0
2016-08-31,323140000.0,0.8612366157083616,3.857461162344495,1.770130593550783,0.5582719564275546,4.9,1.2508510243238224,0.0,0.0
2016-09-30,323350000.0,0.83933817844441,3.722591618988712,1.704345136848616,0.5180145353332303,5.0,1.1504561620535023,0.0,0.0
2016-10-31,323560000.0,0.902460131042156,3.607058968970206,1.7743231549017182,0.5186055136605267,4.9,1.1861787612807515,0.0,0.0
2016-11-30,323740000.0,0.900722802248718,3.940507814913202,1.7782788657564714,0.5312905417927967,4.7,1.068141100883425,0.0,0.0
2016-12-31,323910000.0,0.967552715260412,4.363249050662221,1.909172300947794,0.4967429224167207,4.7,1.0487481090426354,0.0,0.0
2017-01-31,324080000.0,0.9833991607010616,2.7348185633177,2.03468279437176,0.5325845470254258,4.7,1.144470501110837,0.0,0.0
2017-02-28,324210000.0,0.8420468215045803,3.159063569908393,1.82474322198575,0.4404552604793189,4.6,1.042842602017211,0.0,0.0
2017-03-31,324340000.0,0.94376271813529,3.771042732934575,2.0114694456434608,0.4523031386816304,4.4,1.1931923290374298,0.0,0.0
2017-04-30,324480000.0,0.8891148915187377,3.4692430966469425,1.909516765285996,0.4715236686390532,4.4,1.224112426035503,0.0,0.0
2017-05-31,324640000.0,0.8969935929029078,4.08637259733859,1.9560128141941844,0.519960571710202,4.4,1.311298669295219,0.0,0.0
2017-06-30,324800000.0,0.8734605911330049,4.439655172413794,1.9116379310344829,0.5141625615763548,4.3,1.2564655172413792,0.0,0.0
2017-07-31,324990000.0,0.9052586233422568,3.4345672174528445,1.9206744822917627,0.5547863011169575,4.3,1.285885719560602,0.0,0.0
2017-08-31,325160000.0,0.9244679542379136,4.028170746709312,1.8969122893344812,0.5077500307540903,4.4,1.3147373600688892,0.0,0.0
2017-09-30,325340000.0,0.899059445503166,3.572877604967111,1.864203602385197,0.4902563472059998,4.3,1.2368599004118768,0.0,0.0
2017-10-31,325510000.0,0.9277748763478848,3.808177936161716,1.7876562932014377,0.5299376363245369,4.2,1.2509600319498633,0.0,0.0
2017-11-30,325660000.0,0.9239697844377572,3.9673278879813294,1.776085487932199,0.5057421851010255,4.2,1.1435239206534422,0.0,0.0
2017-12-31,325800000.0,1.0156537753222836,4.2612031921424185,1.8793738489871088,0.4849600982197667,4.1,1.1138735420503376,0.0,0.0
2018-01-31,325930000.0,1.0588163102506674,2.8463166937686006,1.8442610376461204,0.513607216273433,4.0,1.2168256987696744,0.0,0.0
2018-02-28,326030000.0,0.8707787626905499,3.0957273870502715,1.695856209551268,0.4220470508848879,4.1,1.102965984725332,0.0,0.0
2018-03-31,326140000.0,0.9673759735083092,3.762188017415833,1.8731219721591956,0.4442877291960507,4.0,1.229839946035445,0.0,0.0
2018-04-30,326260000.0,0.9109299331821248,3.532765279225158,1.7936614969656104,0.4818243118984858,4.0,1.2014957395941888,0.0,0.0
2018-05-31,326390000.0,0.9225160084561416,4.202334630350195,1.8582064401482887,0.4776494377891479,3.8,1.2837403106712828,0.0,0.0
2018-06-30,326530000.0,0.929470492757174,4.330383119468349,1.876703518819098,0.5126634612439898,4.0,1.3407650139344012,0.0,0.0
2018-07-31,326690000.0,0.975848663870948,3.748201659065169,1.9229238727845968,0.5372065260644647,3.8,1.3333741467446203,0.0,0.0
2018-08-31,326850000.0,0.9591555759522716,4.219672632706134,1.8754780480342663,0.4916628422823925,3.8,1.315588190301361,0.0,0.0
2018-09-30,327010000.0,0.9024188862725911,3.676645974129232,1.7800678878321765,0.4932570869392373,3.7,1.2647931255924896,0.0,0.0
2018-10-31,327170000.0,0.9511874560625976,4.135159091603754,1.7889782070483236,0.4621450622000795,3.8,1.2614237246691322,0.0,0.0
2018-11-30,327310000.0,0.9849989306773396,4.211909199230088,1.673642724023097,0.4530872872811707,3.8,1.115456295255263,0.0,0.0
2018-12-31,327430000.0,0.9944110191491312,4.634272974376202,1.798552362336988,0.475216076718688,3.9,1.133982836026021,0.0,0.0
2019-01-31,327540000.0,1.0572754472736154,3.189534102705013,1.7875679306344263,0.4805519936496306,4.0,1.170238749465714,0.0,0.0
2019-02-28,327640000.0,0.9235746551092664,3.306372848248077,1.675009156391161,0.413868880478574,3.8,1.0868636308143085,0.0,0.0
2019-03-31,327730000.0,0.9877032923443078,3.75339456259726,1.8911909193543464,0.4476245690049736,3.8,1.269642693680774,0.0,0.0
2019-04-30,327840000.0,0.9516837481698388,3.948267447535383,1.78898243045388,0.4404587603709126,3.6,1.2289531478770133,0.0,0.0
2019-05-31,327960000.0,0.990669593852909,4.3999268203439446,1.8834613977314305,0.5067691181851445,3.6,1.2355165264056591,0.0,0.0
2019-06-30,328100000.0,0.962816214568729,4.31118561414203,1.86924718073758,0.5099055166107893,3.6,1.2343797622676014,0.0,0.0
2019-07-31,328240000.0,1.0032293443821594,4.068669266390447,1.9756885205946868,0.5267487204484523,3.7,1.2774189617353156,0.0,0.0
2019-08-31,328410000.0,0.9823086994914892,4.280624828720197,1.988063700861728,0.4990712828476599,3.7,1.2731037422733775,0.0,0.0
2019-09-30,328580000.0,0.9586706433745208,3.929636618175178,1.8716903037312072,0.5012477935358207,3.5,1.2505325948018746,0.0,0.0
2019-10-31,328740000.0,0.9773681328709618,4.377015270426477,1.96447040214151,0.4897487376041857,3.6,1.2298472957352315,0.0,0.0
2019-11-30,328890000.0,1.0292194958800815,4.150931922527289,1.988810848611998,0.4940861686278086,3.6,1.0936787375718326,0.0,0.0
2019-12-31,329020000.0,1.0704516442769436,4.910947662756064,2.015682937207465,0.5212449091240654,3.6,1.1251595647680992,0.0,0.0
2020-01-31,329140000.0,1.1056085556298232,3.214437625326609,2.083915658990095,0.5171051832047153,3.5,1.223187701282129,0.0,0.0
2020-02-29,329240000.0,0.9834770987729315,3.4221236787753613,2.0322561049690195,0.4437492406754951,3.5,1.1092212367877536,0.0,0.0003037298019681
2020-03-31,329340000.0,1.0806461407663812,4.062974433715917,2.2942855407785268,0.5119329568227364,4.4,1.199975708993745,0.0,1.3068561365154552
2020-04-30,331450000.0,1.1561321466284509,3.6904510484235935,2.4932870719565545,0.525569467491326,14.7,1.047820184039825,0.0,19.049630411826826
2020-05-31,331420000.0,1.2217126304990646,4.223341982982318,2.940679500331905,0.6218695311085631,13.2,1.1333051716854747,0.0,31.494478305473415
2020-06-30,331450000.0,1.2725901342585608,4.861065017348016,2.5623774324935886,0.6773268969678685,11.0,1.19475033941771,0.0,38.45587569769196
2020-07-31,331500000.0,1.360180995475113,4.726998491704374,2.6621417797888385,0.726395173453997,10.2,1.257315233785822,0.0,46.41387631975867
2020-08-31,331560000.0,1.3155989866087583,4.608818916636507,2.591687778984196,0.7015321510435517,8.4,1.2184823259741826,0.0,55.33598745325129
2020-09-30,331630000.0,1.274311732955402,4.675692790157706,2.3477972439164128,0.6519313692971083,7.9,1.1784217350661883,0.0,62.37433284081657
2020-10-31,331700000.0,1.3141392824841724,4.880313536328007,2.325293940307507,0.7078685559240278,6.9,1.139885438649382,0.0,69.49412119384986
2020-11-30,331750000.0,1.334438583270535,4.505199698568199,2.305651846269781,0.6697814619442352,6.7,1.116503391107762,0.0,80.79306706857574
2020-12-31,331750000.0,1.3995478522984175,4.923888470233609,2.3876412961567444,0.66706857573474,6.7,1.0727957799547851,0.0,104.31047475508667
